<?xml version="1.0" encoding="UTF-8"?>

<process name="出差申请流程" xmlns="http://jbpm.org/4.4/jpdl">
   <start g="283,8,48,48" name="start1">
      <transition g="-34,-9" name="提交" to="直属领导"/>
   </start>
   <task g="260,100,92,52" name="直属领导">
      <transition g="-37,-9" name="同意" to="判断是否是业务部门人员或者是否是分管领导"/>
      <transition g="-5,-23" name="不同意" to="不通过"/>
   <assignment-handler class="com.pqsoft.oa.status.AssignmentSjld"/></task>
   <decision g="281,193,48,48" name="判断是否是业务部门人员或者是否是分管领导">
   <handler class="com.pqsoft.oa.evection.EvectionDecision" />
      <transition g="142,216;141,452:-71,-141" name="非业务部门或分管领导" to="通过"/>
      <transition g="-63,-9" name="业务部门" to="判断上级是否是总经理"/>
   </decision>
   <task g="511,316,92,52" name="上一级领导">
      <transition g="-24,1" name="不同意" to="不通过"/>
      <transition g="500,281;348,281:-24,4" name="同意" to="判断上级是否是总经理"/>
   <assignment-handler class="com.pqsoft.oa.status.AssignmentSjld2"/></task>
   <java class="com.pqsoft.oa.evection.service.EvectionService" g="264,427,92,52" method="pass" name="通过">
      <arg>
	     <ref object="ID"/> 
	  </arg>
      <transition g="-24,-20" name="结束" to="end1"/>
   </java>
   <java class="com.pqsoft.oa.evection.service.EvectionService" g="686,317,92,52" method="noPass" name="不通过">
      <arg>
	     <ref object="ID"/> 
	  </arg>
      <transition g="6,-9" name="结束" to="end1"/>
   </java>
   <end g="709,427,89,48" name="end1"/>
   <decision g="280,317,48,48" name="判断上级是否是总经理">
   <handler class="com.pqsoft.oa.askForLeave.DecisionJumpOp" />
      <transition g="302,425:-135,-42" name="下一审批人是总经理" to="通过"/>
      <transition g="-76,3" name="下一审批人不是总经理" to="上一级领导"/>
   </decision>
</process>