<!-- Version: 7.71.2651.1 -->
<FWConfig>
    <Property name="huntsman.subfilters.directory" value="subfilters"/>
    <Property name="huntsman.output.directory" value="out"/>
    <Property name="huntsman.output.timer" value="0"/>
    <Property name="huntsman.recovery.enable" value="0"/>
    <Property name="huntsman.recovery.trycount" value="2"/>
    <Property name="huntsman.recovery.statefile" value="jobstate"/>
    <Property name="huntsman.printticket.filterinfo.disable" value="1"/>
    <Property name="huntsman.discardcontrol.disable" value="0"/>
    <Property name="funnelweb.monodriver.enable" value="0"/>
    <Property name="huntsman.printticket.forcemono" value="0"/>
    <Property name="funnelweb.supportmono.enable" value="1"/>
    <Property name="huntsman.discardcontrol.pagesbeforediscard" value="2"/>
    <Property name="huntsman.discardcontrol.pagespan" value="1"/>
    <Property name="huntsman.markup.partsizelimit" value="1024"/>
    <Property name="huntsman.watermark.drawsolid" value="1"/>
    <Property name="huntsman.subsetfont.afterpagenumber" value="2"/>
    <Property name="huntsman.contextcolor.grayconversionformat" value="0"/>
    <Property name="huntsman.imagepipe.enable" value="0"/>
    <Property name="funnelweb.gdiprocessnondestrops.enable" value="1"/>
    <Property name="funnelweb.gdiusejpeg.enable" value="1"/>
    <Property name="funnelweb.gdiusepng.enable" value="0"/>
    <Property name="funnelweb.gdiallowrawimage.enable" value="1"/>
    <Property name="funnelweb.gdisubstitutemix.enable" value="0"/>
    <Property name="funnelweb.gdisubstituterop4.enable" value="0"/>
    <Property name="funnelweb.bypassIndexedImage.enable" value="1"/>
    <Property name="funnelweb.clipconsolidateepsilon.value" value="0.0000001"/>
    <!-- funnelweb.backingstoresize.value This was carefully tweaked for performance in FPOT, please dont change without retesting out FPOT timings -->
    <Property name="funnelweb.backingstoresize.value" value="32768"/>
    <Property name="funnelweb.defaultdpi.value" value="600"/>
    <Property name="funnelweb.PdlSettingsEnable" value="1"/>
    <Property name="funnelweb.commonsettings.folder" value="TOSHIBA\eSTUDIOX\UNIDRV"/>
    <Property name="funnelweb.logger.level" value="0"/>
    <!-- will be in the temp directory with the process id and .log appended -->
    <Property name="funnelweb.logger.file" value="funnelweb_log_"/>
    <Property name="funnelweb.driverlogger.file" value="funnelweb_driver_log_"/>
    <Property name="funnelweb.snmp.timeout" value="150"/> <!-- Value in miliseconds -->
    <Property name="funnelweb.snmp.broadcast.address" value="255.255.255.255"/>
    <Property name="funnelweb.snmp.broadcast.port" value="161"/>
    <Property name="funnelweb.snmp.broadcast.timeout" value="30"/> <!-- value in seconds-->
    <Property name="funnelweb.snmp.encrypter.module" value="eSTenc.dll"/>
    <Property name="funnelweb.snmp.hash.module" value="eSThs.dll"/>
    <Property name="funnelweb.driver.tech" value="UNIDRV"/>
    <!-- the presense of the pdlsettings property will be enough to indicate that we need a pdl specific directory, this is needed
         since context does not work -->
    <Property name="funnelweb.pdlsettings.folder" value="TOSHIBA\eSTUDIOX\UNIDRV"/>
    <Context name="pclxl">
        <Property name="huntsman.output.jobtype" value="PCLXL"/>
        <Property name="funnelweb.pdlwriter.dll" value="eSf6upclxl.dll"/>
        <Property name="funnelweb.gdirenderingfilter.enable" value="1"/>
        <Property name="funnelweb.pdlsettings.folder" value="TOSHIBA\eSTUDIOX\UNIDRV\PCL6"/>
        <!-- funnelweb.gdimirrorsurface.enable is disabled so that out FPOT timings are better, we should be conditionally enabling the mirror surface instead of turning it permenantly on -->
        <Property name="funnelweb.gdimirrorsurface.enable" value="0"/>
    </Context>
    <Context name="ps">
        <Property name="huntsman.output.jobtype" value="PS"/>
        <Property name="funnelweb.pdlwriter.dll" value="eSf6ups.dll"/>
        <Property name="funnelweb.gdirenderingfilter.enable" value="0"/>
        <Property name="funnelweb.pdlsettings.folder" value="TOSHIBA\eSTUDIOX\UNIDRV\PS3"/>
        <Property name="funnelweb.gdimirrorsurface.enable" value="1"/>
    </Context>
    <Property name="funnelweb.ui.archive.prefix" value="eSf6u"/>
    <Property name="funnelweb.ui.generic.prefix" value="eSf6g"/>
    <Property name="funnelweb.ui.product.prefix" value="eSf"/>
    <Property name="funnelweb.spooler.cachesize" value="8196"/>
    <Property name="funnelweb.supportss.enable" value="0"/>
    <Property name="funnelweb.model.universal.enable" value="1"/>
    <Property name="funnelweb.model.eS6550C.enable" value="1"/>
    <Property name="funnelweb.model.eS4540C.enable" value="1"/>
    <Property name="funnelweb.model.eS856.enable" value="1"/>
    <Property name="funnelweb.model.eS456.enable" value="1"/>
    <Property name="funnelweb.model.eS2550C.enable" value="1"/>
    <Property name="funnelweb.model.eS2551C.enable" value="1"/>
    <Property name="funnelweb.model.weisshornh.enable" value="1"/>
    <Property name="funnelweb.model.eS306LP.enable" value="1"/>
    <Property name="funnelweb.model.eS407CS.enable" value="1"/>
    <Property name="funnelweb.model.eS527S.enable" value="0"/>
    <Property name="funnelweb.plugin.minimum.support.ver" value="7.0.0.0"/>
    <Property name="funnelweb.custompaper.limit" value="40"/>
</FWConfig>
