<?xml version="1.0" encoding="UTF-8"?>

<process name="银行开销户审批" xmlns="http://jbpm.org/4.4/jpdl">
   <start g="353,5,48,48" name="start1">
      <transition g="-35,-13" name="提交" to="出纳审核"/>
   </start>
   <task assignee="10007" g="330,98,92,52" name="出纳审核">
      <transition g="491,124:-58,-21" name="不同意" to="不通过"/>
      <transition name="同意" to="判断上级是否是总经理-根据发起人" g="-32,-12"/>
   </task>
   <task assignee="10015" g="329,670,111,52" name="财务总监审批">
      <transition g="-31,-8" name="同意" to="出纳确认"/>
      <transition g="523,694:-58,-21" name="不同意" to="不通过"/>
   </task>
   <java class="com.pqsoft.oa.bank.service.BankAccountService" g="339,899,92,52" method="pass" name="通过">
      <arg>
	     <ref object="ID"/> 
	  </arg>
      <transition name="结束" to="end2" g="529,924:53,-89"/>
   </java>
   <java class="com.pqsoft.oa.bank.service.BankAccountService" g="654,289,92,52" method="noPass" name="不通过">
      <arg>
	     <ref object="ID"/> 
	  </arg>
      <transition g="-16,-21" name="结束" to="end2"/>
   </java>
   <end g="816,292,48,48" name="end2"/>
   <task assignee="10007" g="331,778,107,52" name="出纳确认">
      <transition g="-32,-13" name="同意" to="通过"/>
      <transition g="526,803:-57,-22" name="不同意" to="不通过"/>
   </task>
   <decision name="判断上级是否是总经理-根据发起人" g="352,184,48,48">
   <handler class="com.pqsoft.oa.askForLeave.DecisionJumpOpByStart" />
      <transition name="下一审批人不是总经理" to="发起人的上级审批" g="2,-17"/>
      <transition name="下一审批人是总经理" to="财务总监审批" g="170,206;165,696:-139,-33"/>
   </decision>
   <task name="发起人的上级审批" g="305,291,144,52">
      <transition name="不同意" to="不通过" g="-40,-20"/>
      <transition name="同意" to="判断上级是否是总经理-根据当前操作人" g="6,-14"/>
   </task>
   <decision name="判断上级是否是总经理-根据当前操作人" g="352,387,48,48">
   <handler class="com.pqsoft.oa.askForLeave.DecisionJumpOp" />
      <transition name="下一审批人不是总经理" to="上级审批" g="0,-21"/>
      <transition name="下一审批人是总经理" to="财务总监审批" g="221,410;221,532:0,-81"/>
   </decision>
   <task name="上级审批" g="330,510,92,52">
      <transition name="不同意" to="不通过" g="375,618;526,617:-31,-23"/>
      <transition name="同意" to="判断上级是否是总经理-根据当前操作人" g="533,536;532,410:5,-18"/>
   </task>
</process>