<?xml version="1.0" encoding="UTF-8"?>

<process name="请假申请流程" xmlns="http://jbpm.org/4.4/jpdl">
   <start g="509,12,48,48" name="start1">
      <transition g="4,-12" name="提交" to="判断上级是否是总经理"/>
   </start>
   <decision g="507,134,48,48" name="判断上级是否是总经理">
   <handler class="com.pqsoft.oa.askForLeave.DecisionJumpOp" />
      <transition g="-152,-1" name="下一审批人不是总经理" to="上级审批"/>
      <transition g="-62,-23" name="下一审批人是总经理" to="判断发起人是否为分管领导"/>
   </decision>
   <task g="487,320,92,52" name="上级审批">
      <transition g="8,-11" name="不通过" to="不通过"/>
      <transition g="635,345;633,158:-33,-6" name="通过" to="判断上级是否是总经理"/>
   </task>
   <java class="com.pqsoft.oa.askForLeave.service.AskForLeaveService" g="489,432,92,52" method="noPass" name="不通过">
      <arg>
	      	<ref object="ID"/> 
	  	</arg>
      <transition g="2,2" name="结束" to="end1"/>
   </java>
   <end g="304,435,48,48" name="end1"/>
   <decision g="302,134,48,48" name="判断发起人是否为分管领导">
   <handler class="com.pqsoft.oa.askForLeave.DecisionIsFgld" />
      <transition g="3,-20" name="发起人不是分管领导" to="判断请假天数是否超过两天"/>
      <transition g="134,156:23,-21" name="发起人是分管领导" to="总经理审批"/>
   </decision>
   <decision g="303,238,48,48" name="判断请假天数是否超过两天">
   <handler class="com.pqsoft.oa.askForLeave.AskForLeaveDecision" />
      <transition g="9,-13" name="2天(含)以下" to="通过"/>
      <transition g="-27,-22" name="2天以上" to="总经理审批"/>
   </decision>
   <java class="com.pqsoft.oa.askForLeave.service.AskForLeaveService" g="281,334,92,52" method="pass" name="通过">
      <arg>
	      	<ref object="ID"/> 
	  	</arg>
      <transition g="7,-13" name="结束" to="end1"/>
   </java>
   <task g="88,236,92,52" name="总经理审批">
      <transition g="-39,-2" name="通过" to="通过"/>
      <transition g="133,520;535,521:-247,-154" name="不通过" to="不通过"/>
   </task>
</process>