<?xml version="1.0" encoding="UTF-8"?>

<process name="合同签订审批流程" xmlns="http://jbpm.org/4.4/jpdl">
   <start g="238,6,48,48" name="start1">
      <transition g="18,-4" name="提交发起人" to="发起人"/>
   </start>
   <task assignee="10015" g="216,401,91,52" name="财务总监">
      <transition g="14,-10" name="同意" to="风险总监"/>
      <transition g="181,427;181,105:7,138" name="驳回" to="发起人"/>
   </task>
   <java class="com.pqsoft.bpm.status.ProjectContractStatus" g="217,751,92,52" method="projectContractPass" name="通过">
      <arg>
<ref object="PROJECT_ID"/>
</arg>
      <transition g="11,-12" name="结束" to="end2"/>
   </java>
   <end g="241,851,48,48" name="end2"/>
   <task g="216,82,92,52" name="发起人">
      <transition g="13,-10" name="申请" to="部门经理"/>
   <assignment-handler class="com.pqsoft.bpm.handler.StartPersonCodeAssignee"/></task>
   <task g="216,158,92,52" name="部门经理">
      <transition g="11,-13" name="同意" to="分管领导"/>
      <transition g="181,187;182,105:6,19" name="驳回" to="发起人"/>
   <assignment-handler class="com.pqsoft.bpm.document.OpConfBmjl"/></task>
   <task g="217,236,92,52" name="分管领导">
      <transition g="11,-7" name="同意" to="法务专员"/>
      <transition g="181,264;181,106:8,58" name="驳回" to="发起人"/>
   <assignment-handler class="com.pqsoft.bpm.document.OpConfFgld"/></task>
   <task assignee="10030" g="216,318,92,52" name="法务专员">
      <transition g="12,-11" name="同意" to="财务总监"/>
      <transition g="181,344;182,107:7,96" name="驳回" to="发起人"/>
   </task>
   <task assignee="10014" g="217,480,92,52" name="风险总监">
      <transition g="181,507;182,105:6,175" name="驳回" to="发起人"/>
      <transition g="13,-7" name="同意" to="总经理"/>
   </task>
   <task assignee="10001" g="217,554,92,52" name="总经理">
      <transition g="181,579;180,106:7,214" name="驳回" to="发起人"/>
      <transition name="同意" to="印章管理人" g="-30,-12"/>
   </task>
   <task name="印章管理人" g="218,661,92,52">
      <transition g="-34,-8" name="同意" to="通过"/>
      <transition name="驳回" to="发起人" g="182,687;180,402;181,108:3,262"/>
   </task>
</process>